<?xml version="1.0" encoding="utf-8"?>
<odoo>

        <!-- Action confirm_payments for multi -->
        <record id="action_account__payment_confirm_payments" model="ir.actions.server">
            <field name="name">Confirmar pagos</field>
            <field name="type">ir.actions.server</field>
            <field name="state">code</field>
            <field name="model_id" ref="account_payment_group.model_account_payment_group"/>
            <field name="binding_model_id" ref="account_payment_group.model_account_payment_group"/>
            <field name="binding_view_types">list</field>
            <field name="groups_id" eval="[(4,ref('account_payment_group.account_confirm_payment'))]"/>
            <field name="code">
        records.confirm()
            </field>
        </record>

</odoo>
