<odoo>
    <record id="email_template_edi_payment_group" model="mail.template">
            <field name="name">Customer/Supplier Payment - Send by Email</field>
            <field name="subject">${object.company_id.name|safe} ${object.partner_type == 'supplier' and 'Payment Order' or 'Receipt'} ${object.display_name or 'n/a'}</field>
            <field name="model_id" ref="account_payment_group.model_account_payment_group"/>
            <field name="report_name">${(object.partner_type == 'supplier' and 'Payment_order_' or 'Receipt_' + object.display_name or '').replace('/','_')}</field>
            <field name="report_template" ref="account_payment_group.action_report_payment_group"/>
            <field name="body_html"><![CDATA[
<div style="font-family: 'Lucida Grande', Ubuntu, Arial, Verdana, sans-serif; font-size: 12px; color: rgb(34, 34, 34); background-color: #FFF; ">
    Hello ${object.partner_id.name},<br/>
    Here is your ${object.partner_type == 'supplier' and 'Payment order' or 'Receipt'}  <strong>${object.display_name}</strong> from ${object.company_id.name}
    % if object.communication:
    (with reference: ${object.communication})
    % endif
    amounting in: $<strong>${object.payments_amount}</strong>
    <p>If you have any question, do not hesitate to contact us.</p>
    % if object.partner_type != 'supplier':
    <p>Thank you for choosing ${object.company_id.name or 'us'}!</p>
    % endif
</div>
            ]]></field>
        </record>
</odoo>
