<?xml version="1.0" encoding="UTF-8"?>
<!--
  Copyright 2014-2018 Akretion (Alexis de Lattre <alexis.delattre@akretion.com>)
  License AGPL-3.0 or later (http://www.gnu.org/licenses/agpl).
-->

<template>

    <!-- Add phone button in top right menu for "Open Caller" -->
    <t t-name="asterisk_click2dial.systray.OpenCaller">
        <li class="o_mail_systray_item">
            <a id="asterisk-open-caller" href="#" title="Open Caller" role="button">
                <i class="fa fa-phone" role="img" aria-label="Open Caller"/>
            </a>
        </li>
    </t>

    <!-- Add Dial button in phone widget for click2dial feature -->
    <!--
    <t t-extend="FieldPhone">
        <t t-jquery="a.o_form_uri" t-operation="after">
            <a t-if="widget.clickable" id="click2dial" href="#" class="oe_bold"/>
        </t>
    </t>
    -->

</template>
