id,name,model_id:id,group_id:id,perm_read,perm_write,perm_create,perm_unlink
callerid_crm_lead_read,Read access on crm.lead,crm.model_crm_lead,base_phone.group_callerid,1,0,0,0
access_crm_phonecall_partner_manager,Full access on crm.phonecall to Contact mgr,model_crm_phonecall,base.group_partner_manager,1,1,1,1
access_crm_phonecall_sale_manager,Full access on crm.phonecall to Sale mgr,model_crm_phonecall,sales_team.group_sale_manager,1,1,1,1
access_crm_phonecall_sale_user,Read/Write/Create access on crm.phonecall to Sale users,model_crm_phonecall,sales_team.group_sale_salesman,1,1,1,0
access_wizard_create_crm_phonecall,access_wizard_create_crm_phonecall,model_wizard_create_crm_phonecall,base.group_user,1,1,1,1
